{"stats":{"minecraft:custom":{"minecraft:time_since_rest":5635,"minecraft:walk_one_cm":3516,"minecraft:leave_game":4,"minecraft:walk_under_water_one_cm":3886,"minecraft:play_time":5635,"minecraft:jump":21,"minecraft:time_since_death":5635,"minecraft:sprint_one_cm":5869,"minecraft:total_world_time":5989,"minecraft:fly_one_cm":133018,"minecraft:walk_on_water_one_cm":2801,"minecraft:crouch_one_cm":73,"minecraft:sneak_time":296},"minecraft:used":{"minecraft:wet_sponge":7,"minecraft:sponge":28}},"DataVersion":4556}